Parallelism,Throughput,ThroughputStdErr,BusyTime,BusyTimeStdErr,BackpressureTime,BackpressureTimeStdErr
1,30132.96666666355,756.8316404059466,978.2903225806451,10.228217233721724,993.5483870967741,4.41713829737562
