Parallelism,Throughput,ThroughputStdErr,BusyTime,BusyTimeStdErr,BackpressureTime,BackpressureTimeStdErr
1,6358.419298244379,1275.5908436322968,951.6315789473684,10.339985192184885,778.2105263157895,92.42642739878498
