Parallelism,Throughput,ThroughputStdErr,BusyTime,BusyTimeStdErr,BackpressureTime,BackpressureTimeStdErr
1,33610.08817203871,1123.2278508589907,965.3548387096774,15.330120276575464,997.4193548387096,1.7649461017368733
