Parallelism,Throughput,ThroughputStdErr,BusyTime,BusyTimeStdErr,BackpressureTime,BackpressureTimeStdErr
1,35021.768817200325,913.3977588871777,979.741935483871,9.927831965633134,997.1774193548387,1.9320599267114233
