Parallelism,Throughput,ThroughputStdErr,BusyTime,BusyTimeStdErr,BackpressureTime,BackpressureTimeStdErr
1,38408.094623653225,1017.4508128495885,977.7096774193549,10.736285790108358,981.8387096774194,12.032850177785273
