Parallelism,Throughput,ThroughputStdErr,BusyTime,BusyTimeStdErr,BackpressureTime,BackpressureTimeStdErr
1,33509.642473115164,516.285297913633,981.9354838709677,9.06422172451201,996.7258064516129,2.241626656575542
