Parallelism,Throughput,ThroughputStdErr,BusyTime,BusyTimeStdErr,BackpressureTime,BackpressureTimeStdErr
1,29099.782258061936,646.2576964391761,973.3225806451613,12.193752097357438,987.1129032258065,8.822734258184411
