Parallelism,Throughput,ThroughputStdErr,BusyTime,BusyTimeStdErr,BackpressureTime,BackpressureTimeStdErr
1,7855.178846149871,956.2079143762919,909.6923076923077,31.23156351920837,841.0576923076923,56.88637282693143
