Parallelism,Throughput,ThroughputStdErr,BusyTime,BusyTimeStdErr,BackpressureTime,BackpressureTimeStdErr
1,31553.849479163437,1023.3159407493335,987.65625,5.399401257134616,994.453125,3.8023275775929957
