Parallelism,Throughput,ThroughputStdErr,BusyTime,BusyTimeStdErr,BackpressureTime,BackpressureTimeStdErr
1,7273.92179486923,2145.538138835616,961.7692307692307,11.986261290235458,493.15384615384613,114.62246215390347
