Parallelism,Mean,StdErr,Predictions
0,0.0,0.0,
1,93146.88148147875,3934.0394514284235,
2,147446.8537777704,4619.102830135247,218354.0
