Parallelism,Throughput,ThroughputStdErr,BusyTime,BusyTimeStdErr,BackpressureTime,BackpressureTimeStdErr
1,11489.774074071289,1588.5450802873324,865.7222222222222,39.357086797769135,853.3333333333334,61.392948583713334
