Parallelism,Throughput,ThroughputStdErr,BusyTime,BusyTimeStdErr,BackpressureTime,BackpressureTimeStdErr
1,28896.268279566775,1123.6334777418506,970.3870967741935,14.135856167662077,973.8387096774194,14.58534371727589
