Parallelism,Throughput,ThroughputStdErr,BusyTime,BusyTimeStdErr,BackpressureTime,BackpressureTimeStdErr
1,6984.664102563077,1861.689351649769,956.5384615384615,12.56303179432699,604.1153846153846,132.87984689035432
