Parallelism,Throughput_min,Throughput_max,Throughput_mean
1,9278.282291665611,42389.60806451258,33180.80488776551
