Parallelism,Throughput,ThroughputStdErr,BusyTime,BusyTimeStdErr,BackpressureTime,BackpressureTimeStdErr
1,35748.03709677032,826.431633350685,934.0,26.064715745003742,956.258064516129,20.586495161190452
