Parallelism,Throughput,ThroughputStdErr,BusyTime,BusyTimeStdErr,BackpressureTime,BackpressureTimeStdErr
1,41607.950520830316,1075.1379007010175,942.09375,23.706883534203666,962.359375,18.30255481834211
