Parallelism,Throughput,ThroughputStdErr,BusyTime,BusyTimeStdErr,BackpressureTime,BackpressureTimeStdErr
1,38486.67903225419,1353.2216031572761,932.741935483871,26.499561881283427,948.9032258064516,22.528262043826565
