Parallelism,Throughput,ThroughputStdErr,BusyTime,BusyTimeStdErr,BackpressureTime,BackpressureTimeStdErr
1,38021.590322576776,981.5682209542913,936.0,24.722181625172414,956.2096774193549,21.642526331054786
