Parallelism,Throughput_min,Throughput_max,Throughput_mean
1,25499.740860211616,32388.739639636216,28412.871342710365
2,32314.70913977903,46630.28709676774,39195.59870967116
