Parallelism,Throughput,ThroughputStdErr,BusyTime,BusyTimeStdErr,BackpressureTime,BackpressureTimeStdErr
1,25414.98645833,533.6515653287408,970.125,11.868892343801503,993.328125,6.5667995355528195
