Parallelism,Throughput,ThroughputStdErr,BusyTime,BusyTimeStdErr,BackpressureTime,BackpressureTimeStdErr
1,32659.155376340645,945.3341693048666,929.5806451612904,27.371296562875486,969.4516129032259,18.029810481341315
