Parallelism,Throughput,ThroughputStdErr,BusyTime,BusyTimeStdErr,BackpressureTime,BackpressureTimeStdErr
1,43672.094623653546,1276.9962513034475,931.6774193548387,26.83372267162804,940.016129032258,25.54938988614197
