Parallelism,Throughput,ThroughputStdErr,BusyTime,BusyTimeStdErr,BackpressureTime,BackpressureTimeStdErr
1,36246.15913978258,866.8096598573594,931.2258064516129,27.031669470742695,969.5322580645161,16.221668418085795
