Parallelism,Throughput,ThroughputStdErr,BusyTime,BusyTimeStdErr,BackpressureTime,BackpressureTimeStdErr
1,31689.17343749625,751.3304606223795,929.96875,27.288515082721556,963.921875,18.859188707849064
