Parallelism,Throughput,ThroughputStdErr,BusyTime,BusyTimeStdErr,BackpressureTime,BackpressureTimeStdErr
1,6769.123076921538,1379.889097732959,995.0769230769231,1.7957239453596694,958.0192307692307,37.734478771316326
