Parallelism,Throughput,ThroughputStdErr,BusyTime,BusyTimeStdErr,BackpressureTime,BackpressureTimeStdErr
1,33469.269642853804,2863.0979354712335,919.1071428571429,26.38197336413646,882.9107142857143,50.35809936763453
