Parallelism,Throughput,ThroughputStdErr,BusyTime,BusyTimeStdErr,BackpressureTime,BackpressureTimeStdErr
1,26713.729166663612,537.8127274252773,1000.0,0.0,1000.0,0.0
2,38552.615591391615,785.098645473647,946.0645161290323,3.968708375316315,1000.0,0.0
