Parallelism,Throughput,ThroughputStdErr,BusyTime,BusyTimeStdErr,BackpressureTime,BackpressureTimeStdErr
1,44835.61129031936,1302.0988677177113,933.6451612903226,26.2666051097167,951.3225806451613,21.217734865769184
