Parallelism,Throughput,ThroughputStdErr,BusyTime,BusyTimeStdErr,BackpressureTime,BackpressureTimeStdErr
1,38505.64739583031,873.1503054948103,931.0,26.922196929299805,948.078125,22.5690683541548
