Parallelism,Throughput,ThroughputStdErr,BusyTime,BusyTimeStdErr,BackpressureTime,BackpressureTimeStdErr
1,26474.27419354484,753.2530964049929,928.0645161290323,26.472216031351696,967.8870967741935,16.4437791228321
