Parallelism,Throughput,ThroughputStdErr,BusyTime,BusyTimeStdErr,BackpressureTime,BackpressureTimeStdErr
1,34240.776881716774,887.6114947824838,921.1935483870968,29.996302906247774,956.8548387096774,20.29558106059273
