Parallelism,Throughput,ThroughputStdErr,BusyTime,BusyTimeStdErr,BackpressureTime,BackpressureTimeStdErr
1,39087.290624995934,914.5757893635871,939.96875,24.36760642574321,969.6875,15.566088159391153
