Parallelism,Throughput,ThroughputStdErr,BusyTime,BusyTimeStdErr,BackpressureTime,BackpressureTimeStdErr
1,31114.420430103874,982.8276816246743,934.9032258064516,24.5782470610198,929.741935483871,27.859511450042298
