Parallelism,Throughput,ThroughputStdErr,BusyTime,BusyTimeStdErr,BackpressureTime,BackpressureTimeStdErr
1,38286.20572916407,1025.1450037582485,978.46875,9.397055761376638,987.4375,8.624540012643427
