Parallelism,Throughput,ThroughputStdErr,BusyTime,BusyTimeStdErr,BackpressureTime,BackpressureTimeStdErr
1,29008.919753084076,2640.410807747255,910.8148148148148,28.595568691642683,893.5555555555555,51.592541632298705
