Parallelism,Throughput,ThroughputStdErr,BusyTime,BusyTimeStdErr,BackpressureTime,BackpressureTimeStdErr
1,7080.244047615949,1620.3355374945115,954.7857142857143,11.27267717664544,710.8928571428571,120.18453263257626
