Parallelism,Throughput,ThroughputStdErr,BusyTime,BusyTimeStdErr,BackpressureTime,BackpressureTimeStdErr
1,38417.05572916219,817.6325684140982,935.75,25.605976170124816,964.65625,17.312111309659688
