Parallelism,Throughput,ThroughputStdErr,BusyTime,BusyTimeStdErr,BackpressureTime,BackpressureTimeStdErr
1,38574.86774193258,974.0175024101492,939.0322580645161,24.560972733695287,967.1935483870968,16.33917423501832
