Parallelism,Throughput,ThroughputStdErr,BusyTime,BusyTimeStdErr,BackpressureTime,BackpressureTimeStdErr
1,34489.97083332969,1026.2287944797442,975.5625,11.44090945596929,995.84375,2.8486768361463666
