Parallelism,Throughput,ThroughputStdErr,BusyTime,BusyTimeStdErr,BackpressureTime,BackpressureTimeStdErr
1,31570.818279566454,758.8849641976086,929.9354838709677,27.45250123591569,965.8709677419355,17.503202735647246
