Parallelism,Throughput_min,Throughput_max,Throughput_mean
1,29217.83390804276,40840.61726190108,33312.9810303744
