Parallelism,Throughput,ThroughputStdErr,BusyTime,BusyTimeStdErr,BackpressureTime,BackpressureTimeStdErr
1,35667.5516129,931.6813770753437,928.258064516129,27.907456988237634,971.0483870967741,14.98596906798879
