Parallelism,Throughput,ThroughputStdErr,BusyTime,BusyTimeStdErr,BackpressureTime,BackpressureTimeStdErr
1,40578.78281249687,1043.4984786479074,939.71875,24.3744084213068,971.75,14.089384024417107
