Parallelism,Throughput,ThroughputStdErr,BusyTime,BusyTimeStdErr,BackpressureTime,BackpressureTimeStdErr
1,46068.25520833,1562.4307646930124,943.71875,23.16399728595373,963.1875,16.25232480365309
