Parallelism,Throughput,ThroughputStdErr,BusyTime,BusyTimeStdErr,BackpressureTime,BackpressureTimeStdErr
1,8595.129166664863,1522.2801072073578,892.3913043478261,33.65962950387493,855.4583333333334,57.923088048298375
