Parallelism,Throughput,ThroughputStdErr,BusyTime,BusyTimeStdErr,BackpressureTime,BackpressureTimeStdErr
1,38014.89354838355,798.7826639814047,982.1612903225806,9.076286328421515,997.3709677419355,1.7646322633739928
