Parallelism,Throughput,ThroughputStdErr,BusyTime,BusyTimeStdErr,BackpressureTime,BackpressureTimeStdErr
1,30565.46770833,921.6466279979975,969.75,12.840061818387012,992.296875,4.238544958673815
