Parallelism,Throughput,ThroughputStdErr,BusyTime,BusyTimeStdErr,BackpressureTime,BackpressureTimeStdErr
1,40395.806770830626,1052.4809049389785,942.59375,23.56158235012659,968.796875,15.35333934333828
