Parallelism,Throughput,ThroughputStdErr,BusyTime,BusyTimeStdErr,BackpressureTime,BackpressureTimeStdErr
1,6943.7357142850005,1565.7059681836436,917.9285714285714,32.421091693354825,591.3928571428571,120.99753516813408
