Parallelism,Throughput,ThroughputStdErr,BusyTime,BusyTimeStdErr,BackpressureTime,BackpressureTimeStdErr
1,29963.439639635944,695.2094546964856,998.8378378378378,1.1463496952643832,1000.0,0.0
2,44627.97419354194,1081.7025420826824,930.6290322580645,4.908738822470564,999.7258064516129,0.26973481955630324
