Parallelism,Throughput,ThroughputStdErr,BusyTime,BusyTimeStdErr,BackpressureTime,BackpressureTimeStdErr
1,41166.68978494291,1078.9816844492948,930.9677419354839,27.092606586988865,957.9354838709677,19.89492091510428
