Parallelism,Throughput,ThroughputStdErr,BusyTime,BusyTimeStdErr,BackpressureTime,BackpressureTimeStdErr
1,28149.218452377503,2855.717420463884,900.8214285714286,31.75998370958707,889.0714285714286,50.02954939515461
