Parallelism,Throughput,ThroughputStdErr,BusyTime,BusyTimeStdErr,BackpressureTime,BackpressureTimeStdErr
1,43859.55107526484,1559.1121459218864,938.0322580645161,24.52977056256684,941.4193548387096,25.006326949385834
