Parallelism,Throughput,ThroughputStdErr,BusyTime,BusyTimeStdErr,BackpressureTime,BackpressureTimeStdErr
1,31335.53765431814,3397.3586354217073,900.2962962962963,29.361696669578965,883.5555555555555,43.41861135059576
