Parallelism,Throughput,ThroughputStdErr,BusyTime,BusyTimeStdErr,BackpressureTime,BackpressureTimeStdErr
1,35061.41505376,633.5706768348607,983.7096774193549,8.105854508436469,994.6774193548387,3.643701419560867
