Parallelism,Throughput,ThroughputStdErr,BusyTime,BusyTimeStdErr,BackpressureTime,BackpressureTimeStdErr
1,31378.998924727097,810.098998492281,979.8387096774194,9.891302770505074,994.2096774193549,3.9637912532903368
