Parallelism,Throughput,ThroughputStdErr,BusyTime,BusyTimeStdErr,BackpressureTime,BackpressureTimeStdErr
1,31624.68763440484,1075.0631094261755,949.9677419354839,20.65173705110107,931.3064516129032,27.886333479165287
