Parallelism,Throughput,ThroughputStdErr,BusyTime,BusyTimeStdErr,BackpressureTime,BackpressureTimeStdErr
1,34149.698924728706,1674.539613741327,851.483870967742,45.96419615000815,882.7741935483871,40.77347793567157
