Parallelism,Throughput,ThroughputStdErr,BusyTime,BusyTimeStdErr,BackpressureTime,BackpressureTimeStdErr
1,35654.655208329685,1253.304001598615,938.875,24.634030308066723,974.5625,13.192955588056737
