Parallelism,Throughput,ThroughputStdErr,BusyTime,BusyTimeStdErr,BackpressureTime,BackpressureTimeStdErr
1,43978.15967741646,1229.2684658638889,937.5483870967741,25.17914332341133,949.758064516129,22.502721201704816
