Parallelism,Throughput,ThroughputStdErr,BusyTime,BusyTimeStdErr,BackpressureTime,BackpressureTimeStdErr
1,28801.295312496564,626.9436511089318,989.0,4.7690817381336625,990.8125,5.064464800049211
