Parallelism,Throughput,ThroughputStdErr,BusyTime,BusyTimeStdErr,BackpressureTime,BackpressureTimeStdErr
1,41985.13958333,1119.7805890669972,938.0,24.830637262764725,956.34375,18.992731410609345
