Parallelism,Throughput,ThroughputStdErr,BusyTime,BusyTimeStdErr,BackpressureTime,BackpressureTimeStdErr
1,36639.400537630325,1243.3624515150009,952.5806451612904,19.966505469745023,925.5967741935484,26.573914933996296
