Parallelism,Throughput,ThroughputStdErr,BusyTime,BusyTimeStdErr,BackpressureTime,BackpressureTimeStdErr
1,44342.34687499625,1235.320475317548,939.28125,24.543855613751315,953.75,20.635816292613672
