Parallelism,Throughput,ThroughputStdErr,BusyTime,BusyTimeStdErr,BackpressureTime,BackpressureTimeStdErr
1,32938.60752687871,642.4368620866353,981.8387096774194,9.107760098672504,999.9354838709677,0.06346701636618902
