Parallelism,Throughput,ThroughputStdErr,BusyTime,BusyTimeStdErr,BackpressureTime,BackpressureTimeStdErr
1,35316.42031249594,1967.1219389842915,941.625,23.707476322749958,950.359375,21.475802089291516
