Parallelism,Throughput,ThroughputStdErr,BusyTime,BusyTimeStdErr,BackpressureTime,BackpressureTimeStdErr
1,8278.627083331874,1302.3024201231904,975.25,6.768204617917517,716.3125,108.30482585154908
