Parallelism,Throughput,ThroughputStdErr,BusyTime,BusyTimeStdErr,BackpressureTime,BackpressureTimeStdErr
1,26877.210215050643,679.4157562192414,993.2903225806451,3.226513970276493,996.1129032258065,2.1397226323770164
