Parallelism,Throughput,ThroughputStdErr,BusyTime,BusyTimeStdErr,BackpressureTime,BackpressureTimeStdErr
1,27498.707407404447,486.7203045544286,998.2777777777778,1.4426330047113785,1000.0,0.0
2,33852.40752687548,355.69642078040135,959.2096774193549,1.4119628247569125,1000.0,0.0
