Parallelism,Throughput,ThroughputStdErr,BusyTime,BusyTimeStdErr,BackpressureTime,BackpressureTimeStdErr
1,40522.58387096452,1040.994543180299,932.2903225806451,26.652197522437035,945.5322580645161,24.449207638570595
