Parallelism,Throughput,ThroughputStdErr,BusyTime,BusyTimeStdErr,BackpressureTime,BackpressureTimeStdErr
1,34291.91720429742,599.1159127702687,976.5483870967741,11.22032112087351,996.3064516129032,2.528163673605492
