Parallelism,Throughput,ThroughputStdErr,BusyTime,BusyTimeStdErr,BackpressureTime,BackpressureTimeStdErr
1,40478.34247311516,1072.7308255741984,943.741935483871,23.264661394619903,961.1129032258065,18.414505740975002
