Parallelism,Throughput,ThroughputStdErr,BusyTime,BusyTimeStdErr,BackpressureTime,BackpressureTimeStdErr
1,31828.32291666375,988.3019831626638,977.8125,10.70415711264495,990.28125,6.660171141845521
