Parallelism,Throughput,ThroughputStdErr,BusyTime,BusyTimeStdErr,BackpressureTime,BackpressureTimeStdErr
1,39069.155208330936,915.6059956455383,936.8125,25.228465349029605,947.796875,23.75652520738669
