Parallelism,Throughput,ThroughputStdErr,BusyTime,BusyTimeStdErr,BackpressureTime,BackpressureTimeStdErr
1,36310.597395829376,827.3500535820594,938.84375,24.639039041185164,953.296875,22.113210349482255
