Parallelism,Throughput,ThroughputStdErr,BusyTime,BusyTimeStdErr,BackpressureTime,BackpressureTimeStdErr
1,38261.226041663125,1230.10475245202,979.34375,9.885142079684382,989.390625,8.485360047991067
