Parallelism,Mean,StdErr,Predictions
0,0.0,0.0,
1,90309.41765872722,3367.2520538156273,
2,142677.3939153382,5733.57410791389,212740.0
