Parallelism,Throughput,ThroughputStdErr,BusyTime,BusyTimeStdErr,BackpressureTime,BackpressureTimeStdErr
1,4537.464516128709,1400.7847874769434,933.4193548387096,26.22288100945633,918.8387096774194,29.15290690136355
