Parallelism,Throughput,ThroughputStdErr,BusyTime,BusyTimeStdErr,BackpressureTime,BackpressureTimeStdErr
1,6441.524242422727,1686.6881202022712,949.9,14.37320423566019,424.04545454545456,109.84539199597684
