Parallelism,Throughput,ThroughputStdErr,BusyTime,BusyTimeStdErr,BackpressureTime,BackpressureTimeStdErr
1,32115.46344085581,634.2428304093079,984.3225806451613,7.868903364496211,995.8548387096774,4.077755801527643
