Parallelism,Throughput,ThroughputStdErr,BusyTime,BusyTimeStdErr,BackpressureTime,BackpressureTimeStdErr
1,34402.47291666375,1041.38122208422,994.03125,2.833423687859243,975.421875,10.386080053346003
