Parallelism,Mean,StdErr,Predictions
0,0.0,0.0,
1,91182.67192982144,4409.533547463,
2,147266.92004503804,4747.074195629988,226412.0
