Parallelism,Throughput,ThroughputStdErr,BusyTime,BusyTimeStdErr,BackpressureTime,BackpressureTimeStdErr
1,34638.10645161,824.8332862438781,930.3548387096774,27.188957955916766,953.5322580645161,21.38416434287328
