Parallelism,Throughput,ThroughputStdErr,BusyTime,BusyTimeStdErr,BackpressureTime,BackpressureTimeStdErr
1,35172.09531249687,996.4851099549616,980.53125,9.493931488452077,994.375,3.567293923620536
