Parallelism,Throughput,ThroughputStdErr,BusyTime,BusyTimeStdErr,BackpressureTime,BackpressureTimeStdErr
1,35683.97365590935,857.1410931043573,977.7096774193549,10.912021032527988,999.9032258064516,0.09520052454928352
