Parallelism,Throughput,ThroughputStdErr,BusyTime,BusyTimeStdErr,BackpressureTime,BackpressureTimeStdErr
1,31669.565624996874,1405.8988251085932,931.5,26.762044601450015,975.015625,13.981703382634766
