Parallelism,Throughput,ThroughputStdErr,BusyTime,BusyTimeStdErr,BackpressureTime,BackpressureTimeStdErr
1,33543.48908045782,3230.0545229798045,922.3571428571429,26.473283330948956,879.9310344827586,49.367971657015666
