Parallelism,Throughput,ThroughputStdErr,BusyTime,BusyTimeStdErr,BackpressureTime,BackpressureTimeStdErr
1,9420.161363634235,1192.274332876061,972.0909090909091,6.882097115431886,831.7727272727273,67.18659048796452
