Parallelism,Throughput,ThroughputStdErr,BusyTime,BusyTimeStdErr,BackpressureTime,BackpressureTimeStdErr
1,41777.686021500645,1075.680375837956,929.741935483871,27.4686830570853,952.4516129032259,22.057362484449502
