Parallelism,Throughput,ThroughputStdErr,BusyTime,BusyTimeStdErr,BackpressureTime,BackpressureTimeStdErr
1,25859.76554736276,413.12273507259306,846.2363636363636,7.548439318047269,777.2035217035217,10.344284828014368
