Parallelism,Throughput,ThroughputStdErr,BusyTime,BusyTimeStdErr,BackpressureTime,BackpressureTimeStdErr
1,37731.30967741613,915.0044542717441,927.0322580645161,28.13089975566741,968.1290322580645,16.0541806326778
