Parallelism,Throughput,ThroughputStdErr,BusyTime,BusyTimeStdErr,BackpressureTime,BackpressureTimeStdErr
1,38118.28978494226,900.1764499653876,980.483870967742,9.646603729420537,990.1612903225806,6.7353875864755555
