Parallelism,Throughput,ThroughputStdErr,BusyTime,BusyTimeStdErr,BackpressureTime,BackpressureTimeStdErr
1,32645.46451612613,746.6197952371157,979.7096774193549,9.92250865660231,994.8064516129032,5.109094817478215
