Parallelism,Throughput,ThroughputStdErr,BusyTime,BusyTimeStdErr,BackpressureTime,BackpressureTimeStdErr
1,28604.114516125806,828.8912173205262,998.7741935483871,0.7505941835267118,994.8709677419355,4.900145878073144
