Parallelism,Throughput,ThroughputStdErr,BusyTime,BusyTimeStdErr,BackpressureTime,BackpressureTimeStdErr
1,33789.28494623355,542.5716120989916,980.5483870967741,9.606713606955898,992.8870967741935,6.060985145599826
