Parallelism,Throughput,ThroughputStdErr,BusyTime,BusyTimeStdErr,BackpressureTime,BackpressureTimeStdErr
1,38993.687634404836,1055.6987018423772,985.1935483870968,7.50406332590871,991.1774193548387,6.03960861395238
