Parallelism,Throughput,ThroughputStdErr,BusyTime,BusyTimeStdErr,BackpressureTime,BackpressureTimeStdErr
1,35065.56559139516,792.8547950083488,977.1612903225806,10.829018014749737,990.2096774193549,6.702841360701961
