Parallelism,Throughput,ThroughputStdErr,BusyTime,BusyTimeStdErr,BackpressureTime,BackpressureTimeStdErr
1,29134.171264365286,2280.008126126805,910.4285714285714,29.995808745123913,897.1896551724138,48.27372787027046
