Parallelism,Throughput,ThroughputStdErr,BusyTime,BusyTimeStdErr,BackpressureTime,BackpressureTimeStdErr
1,43477.242708329686,1345.6443148092765,935.1875,25.473425088554297,949.609375,21.963756704661044
