Parallelism,Throughput,ThroughputStdErr,BusyTime,BusyTimeStdErr,BackpressureTime,BackpressureTimeStdErr
1,40465.76129031838,1045.4796583639688,928.8387096774194,27.714881661356667,947.5967741935484,24.327472548130466
