Parallelism,Throughput,ThroughputStdErr,BusyTime,BusyTimeStdErr,BackpressureTime,BackpressureTimeStdErr
1,4430.672549018818,1112.9333801600628,902.1875,28.444328678743236,539.6764705882352,93.05469557640508
