Parallelism,Throughput
1,3850.720344102587
2,5882.992179524399
3,5752.406207212817
