Parallelism,Throughput
1,36157.21555093255
2,67113.16214841352
3,92373.4727505536
4,115855.37918713398
