Parallelism,Throughput
1,28412.871342710365
2,39195.59870967116
