Parallelism,Throughput
1,30417.79881255999
2,56765.99347431189
4,96135.13579653489
8,144174.23645249434
16,192961.41555438243
32,222730.2484374232
52,232933.8775448023
