Parallelism,Throughput
1,35770.068634130825
2,66149.37228105945
4,120716.61700778172
8,208065.9178424424
16,320603.7283500796
26,365607.12907876814
