Parallelism,Throughput
1,26419.39790846742
2,51605.20868894908
3,73777.01435916142
4,94817.51104249022
5,113967.53600262888
6,131104.9200728439
7,145055.0317399321
8,152602.8255662818
