Parallelism,Throughput,ThroughputStdErr,BusyTime,BusyTimeStdErr,BackpressureTime,BackpressureTimeStdErr
1,42312.051612899675,1117.5647129781944,940.0322580645161,24.497466745414744,956.0967741935484,20.222686122361647
