Parallelism,Throughput,ThroughputStdErr,BusyTime,BusyTimeStdErr,BackpressureTime,BackpressureTimeStdErr
1,7211.087499997499,1384.1514093681021,960.3125,10.772766136623174,680.84375,114.93154993052862
