,Parallelism,Throughput
1,52,210343.19060344688
2,104,228546.08440971872
3,107,192946.77562092344
4,110,180016.76266666298
