,Parallelism,Throughput
1,52,202129.8428858784
2,104,231179.90829860768
3,106,234953.45193497124
4,108,239046.31834408245
