,Parallelism,Throughput
1,52,219576.25520186004
2,104,240115.44944128432
3,112,230903.64595497889
4,120,241605.8337490998
