,Parallelism,Throughput
1,52,194841.6206056205
2,104,222235.64118055208
3,107,121190.20971794834
4,110,148503.0957777741
