Parallelism,Throughput,ThroughputStdErr,BusyTime,BusyTimeStdErr,BackpressureTime,BackpressureTimeStdErr
1,37397.0935483842,1042.8640678536074,933.9677419354839,26.249403496357882,970.3064516129032,14.152886723616744
