Parallelism,Throughput,ThroughputStdErr,BusyTime,BusyTimeStdErr,BackpressureTime,BackpressureTimeStdErr
1,2458.065740740365,932.5129109554151,888.2941176470588,26.33872577542874,592.5,103.80266772660757
