Parallelism,Throughput,ThroughputStdErr,BusyTime,BusyTimeStdErr,BackpressureTime,BackpressureTimeStdErr
1,30615.280645158386,551.8559391990344,975.0967741935484,11.924960909471523,995.983870967742,3.9508217687952656
