Parallelism,Throughput,ThroughputStdErr,BusyTime,BusyTimeStdErr,BackpressureTime,BackpressureTimeStdErr
1,41220.26182795355,1035.3173036256808,985.0967741935484,7.694931888685446,996.4193548387096,2.4515170582064463
