Parallelism,Throughput,ThroughputStdErr,BusyTime,BusyTimeStdErr,BackpressureTime,BackpressureTimeStdErr
1,8599.438888887778,2207.6369851995373,832.4444444444445,64.44197526133871,493.3888888888889,124.30284051107635
