Parallelism,Throughput,ThroughputStdErr,BusyTime,BusyTimeStdErr,BackpressureTime,BackpressureTimeStdErr
1,45695.696236556454,1404.872187968436,936.483870967742,25.555101389132236,951.1774193548387,21.854708348463685
