Parallelism,Throughput,ThroughputStdErr,BusyTime,BusyTimeStdErr,BackpressureTime,BackpressureTimeStdErr
1,44423.90989583,1262.208300125427,933.9375,26.185819512757043,943.90625,23.94213439859836
