Parallelism,Throughput,ThroughputStdErr,BusyTime,BusyTimeStdErr,BackpressureTime,BackpressureTimeStdErr
1,34172.95572916344,998.7941604728568,978.5625,10.342847156595107,988.765625,8.597101175431487
