Parallelism,Throughput,ThroughputStdErr,BusyTime,BusyTimeStdErr,BackpressureTime,BackpressureTimeStdErr
1,42203.29569892162,1441.4496362509656,909.0,33.02223890390909,915.1774193548387,32.66685773646036
