Parallelism,Throughput,ThroughputStdErr,BusyTime,BusyTimeStdErr,BackpressureTime,BackpressureTimeStdErr
1,37968.2532258029,882.712169172335,928.0967741935484,27.793513749293627,970.8548387096774,14.689948455086714
