Parallelism,Throughput,ThroughputStdErr,BusyTime,BusyTimeStdErr,BackpressureTime,BackpressureTimeStdErr
1,40444.84739582969,1159.8634940736288,925.40625,28.579038543866318,947.125,23.77009840377191
