Parallelism,Throughput,ThroughputStdErr,BusyTime,BusyTimeStdErr,BackpressureTime,BackpressureTimeStdErr
1,40156.535416662504,1022.9545299498131,938.40625,24.79714021498844,967.84375,15.894172685037647
