Parallelism,Throughput,ThroughputStdErr,BusyTime,BusyTimeStdErr,BackpressureTime,BackpressureTimeStdErr
1,40984.56344085677,1250.8585940195994,922.8709677419355,29.383847486364743,941.6612903225806,24.222277427517778
