Parallelism,Throughput,ThroughputStdErr,BusyTime,BusyTimeStdErr,BackpressureTime,BackpressureTimeStdErr
1,41829.33172042677,1162.7388683764082,940.0645161290323,24.46658557175058,953.258064516129,21.591791216897224
