Parallelism,Throughput,ThroughputStdErr,BusyTime,BusyTimeStdErr,BackpressureTime,BackpressureTimeStdErr
1,29625.468817201294,1052.3432957600146,934.741935483871,24.42674570650949,927.3548387096774,28.722253439398493
