Parallelism,Throughput,ThroughputStdErr,BusyTime,BusyTimeStdErr,BackpressureTime,BackpressureTimeStdErr
1,33128.80677083094,862.5321724563681,938.9375,23.695700159621524,958.5625,21.3552740439496
