Parallelism,Throughput,ThroughputStdErr,BusyTime,BusyTimeStdErr,BackpressureTime,BackpressureTimeStdErr
1,34874.73124999719,797.2998078585799,934.40625,25.806554224979298,971.671875,16.390135082272405
