Parallelism,Throughput,ThroughputStdErr,BusyTime,BusyTimeStdErr,BackpressureTime,BackpressureTimeStdErr
1,33806.14677418968,1088.215026968945,942.7096774193549,22.556632095804733,920.9032258064516,28.292597651512366
