Parallelism,Throughput,ThroughputStdErr,BusyTime,BusyTimeStdErr,BackpressureTime,BackpressureTimeStdErr
1,28776.12343749625,923.2644103909089,994.375,2.6688122065349593,987.609375,7.380947495091194
