Parallelism,Throughput,ThroughputStdErr,BusyTime,BusyTimeStdErr,BackpressureTime,BackpressureTimeStdErr
1,36545.94784945806,858.5966581105631,939.3548387096774,24.575799555711114,951.9193548387096,21.210518771172104
