Parallelism,Throughput,ThroughputStdErr,BusyTime,BusyTimeStdErr,BackpressureTime,BackpressureTimeStdErr
1,34137.10208333094,747.7502972064825,934.78125,25.76799789615351,979.359375,10.056195481687793
