Parallelism,Throughput,ThroughputStdErr,BusyTime,BusyTimeStdErr,BackpressureTime,BackpressureTimeStdErr
1,59265.28010752355,5145.186170112281,841.4516129032259,43.12006417991122,903.0645161290323,36.529888422296246
