Parallelism,Throughput,ThroughputStdErr,BusyTime,BusyTimeStdErr,BackpressureTime,BackpressureTimeStdErr
1,30601.32419354452,839.5845879874181,975.9677419354839,11.127721649893958,993.4677419354839,5.834204976029399
