Parallelism,Throughput,ThroughputStdErr,BusyTime,BusyTimeStdErr,BackpressureTime,BackpressureTimeStdErr
1,32537.190860211613,801.3487642466405,935.3870967741935,25.611021195961914,973.2096774193549,14.593766829629724
