Parallelism,Throughput,ThroughputStdErr,BusyTime,BusyTimeStdErr,BackpressureTime,BackpressureTimeStdErr
1,38634.44999999656,894.5548351020396,936.8125,25.271666041086156,963.5625,17.31937687763874
