Parallelism,Throughput,ThroughputStdErr,BusyTime,BusyTimeStdErr,BackpressureTime,BackpressureTimeStdErr
1,30736.538541664064,652.2010482804507,989.875,4.39765340480011,987.484375,8.135194457109213
