Parallelism,Throughput,ThroughputStdErr,BusyTime,BusyTimeStdErr,BackpressureTime,BackpressureTimeStdErr
1,23635.868390801723,3335.902833911285,930.9655172413793,27.38901429521163,944.0862068965517,25.067069000091756
