Parallelism,Throughput,ThroughputStdErr,BusyTime,BusyTimeStdErr,BackpressureTime,BackpressureTimeStdErr
1,34594.352083329686,1320.2058210800901,978.5625,10.418764762662006,990.8125,7.22022948854034
