Parallelism,Throughput,ThroughputStdErr,BusyTime,BusyTimeStdErr,BackpressureTime,BackpressureTimeStdErr
1,25813.372580642255,743.5508166359781,981.8064516129032,7.868114151525341,995.3548387096774,3.180912894279289
