Parallelism,Throughput,ThroughputStdErr,BusyTime,BusyTimeStdErr,BackpressureTime,BackpressureTimeStdErr
1,32257.40752687774,839.8515807155104,920.9354838709677,29.90536358311387,967.758064516129,17.74600937051567
