Parallelism,Throughput,ThroughputStdErr,BusyTime,BusyTimeStdErr,BackpressureTime,BackpressureTimeStdErr
1,26769.178124996564,757.5503260762695,992.59375,3.2890856961771116,989.8125,6.205495847306442
