Parallelism,Throughput,ThroughputStdErr,BusyTime,BusyTimeStdErr,BackpressureTime,BackpressureTimeStdErr
1,41922.86562499625,1044.9182695976126,943.65625,23.22354885532241,957.875,19.943009622734976
