Parallelism,Throughput,ThroughputStdErr,BusyTime,BusyTimeStdErr,BackpressureTime,BackpressureTimeStdErr
1,32153.345698921614,1055.497416903705,994.6451612903226,2.910938996618244,990.6935483870968,6.371219979463862
