Parallelism,Throughput,ThroughputStdErr,BusyTime,BusyTimeStdErr,BackpressureTime,BackpressureTimeStdErr
1,33683.681182792585,846.2219556188638,948.0,22.568014900874136,987.9032258064516,8.281230716659113
