Parallelism,Throughput,ThroughputStdErr,BusyTime,BusyTimeStdErr,BackpressureTime,BackpressureTimeStdErr
1,39841.63870967452,882.4414977463597,937.7096774193549,24.957912274793948,952.758064516129,21.731437962660085
