Parallelism,Throughput,ThroughputStdErr,BusyTime,BusyTimeStdErr,BackpressureTime,BackpressureTimeStdErr
1,36529.81129031968,889.3231001960477,982.6129032258065,7.423656175229464,961.6774193548387,16.920693209267537
