Parallelism,Throughput,ThroughputStdErr,BusyTime,BusyTimeStdErr,BackpressureTime,BackpressureTimeStdErr
1,42337.84569892097,1171.9479826308716,933.483870967742,26.40223049605842,951.6290322580645,22.08597531912623
