Parallelism,Throughput,ThroughputStdErr,BusyTime,BusyTimeStdErr,BackpressureTime,BackpressureTimeStdErr
1,36347.7086021471,881.9371850842368,923.0645161290323,29.320750696434047,954.0,21.309363430733942
