Parallelism,Throughput,ThroughputStdErr,BusyTime,BusyTimeStdErr,BackpressureTime,BackpressureTimeStdErr
1,32335.270833329374,716.1551476159755,935.5625,25.622520364021323,969.84375,15.832133893542172
