Parallelism,Throughput,ThroughputStdErr,BusyTime,BusyTimeStdErr,BackpressureTime,BackpressureTimeStdErr
1,27172.159624410284,456.31602061413537,871.099150141643,8.269549674090415,810.5591549295775,12.454422284019069
