Parallelism,Throughput,ThroughputStdErr,BusyTime,BusyTimeStdErr,BackpressureTime,BackpressureTimeStdErr
1,38610.53763440549,842.8669613394812,934.2258064516129,26.070452441100887,967.4516129032259,15.991386124943626
