Parallelism,Throughput,ThroughputStdErr,BusyTime,BusyTimeStdErr,BackpressureTime,BackpressureTimeStdErr
1,5455.042857141542,1332.2503799782046,902.7142857142857,33.263629136394826,901.1964285714286,40.16488131279602
