Parallelism,Throughput,ThroughputStdErr,BusyTime,BusyTimeStdErr,BackpressureTime,BackpressureTimeStdErr
1,27987.249999996453,452.1289598530506,988.5806451612904,5.5580887037364075,996.6935483870968,2.263665567143797
