Parallelism,Throughput,ThroughputStdErr,BusyTime,BusyTimeStdErr,BackpressureTime,BackpressureTimeStdErr
1,31676.86129031871,774.0101366924341,993.1290322580645,3.316386940982332,991.5967741935484,6.2524259331353775
