Parallelism,Throughput,ThroughputStdErr,BusyTime,BusyTimeStdErr,BackpressureTime,BackpressureTimeStdErr
1,39715.043229163435,845.8304384093019,974.21875,12.067092258542313,986.71875,9.068153880196446
