Parallelism,Throughput,ThroughputStdErr,BusyTime,BusyTimeStdErr,BackpressureTime,BackpressureTimeStdErr
1,31455.472916662813,1167.5994223038629,933.28125,24.761922411510618,917.375,30.29739475443804
