Parallelism,Throughput,ThroughputStdErr,BusyTime,BusyTimeStdErr,BackpressureTime,BackpressureTimeStdErr
1,36659.27135416375,862.5487824101447,929.25,27.347124791739986,955.296875,20.473184865158355
