Parallelism,Throughput,ThroughputStdErr,BusyTime,BusyTimeStdErr,BackpressureTime,BackpressureTimeStdErr
1,34726.43709677096,1145.4936692389365,940.516129032258,23.37839085869733,971.1774193548387,15.170150952117778
