Parallelism,Throughput,ThroughputStdErr,BusyTime,BusyTimeStdErr,BackpressureTime,BackpressureTimeStdErr
1,29506.58870967387,924.6726332765901,940.4193548387096,23.715350394109667,948.6612903225806,22.765149294983317
