Parallelism,Throughput,ThroughputStdErr,BusyTime,BusyTimeStdErr,BackpressureTime,BackpressureTimeStdErr
1,37133.997849458705,1049.6237479913727,978.3225806451613,10.484256776699999,991.741935483871,5.039638455132525
