Parallelism,Throughput,ThroughputStdErr,BusyTime,BusyTimeStdErr,BackpressureTime,BackpressureTimeStdErr
1,35223.77526881387,1480.248853113611,971.3548387096774,13.33819661119565,986.983870967742,9.723799714628113
