Parallelism,Throughput,ThroughputStdErr,BusyTime,BusyTimeStdErr,BackpressureTime,BackpressureTimeStdErr
1,33814.34635416406,835.8587903589138,979.28125,10.306649322824168,999.6875,0.30757843257858636
