Parallelism,Throughput,ThroughputStdErr,BusyTime,BusyTimeStdErr,BackpressureTime,BackpressureTimeStdErr
1,34485.9197916625,687.9816600637205,980.40625,9.679720603756952,994.8125,3.5550051369073294
