Parallelism,Throughput,ThroughputStdErr,BusyTime,BusyTimeStdErr,BackpressureTime,BackpressureTimeStdErr
1,37393.55104166312,919.0419410881334,997.34375,1.4641612993611306,983.828125,6.310705553076986
