Parallelism,Throughput,ThroughputStdErr,BusyTime,BusyTimeStdErr,BackpressureTime,BackpressureTimeStdErr
1,39480.54531249688,968.8656811425984,943.40625,23.20841624749084,955.0,20.80411101576441
