Parallelism,Throughput,ThroughputStdErr,BusyTime,BusyTimeStdErr,BackpressureTime,BackpressureTimeStdErr
1,40005.484408598706,953.7669351764952,937.5806451612904,25.177198205040128,961.483870967742,17.270126684170222
