Parallelism,Throughput,ThroughputStdErr,BusyTime,BusyTimeStdErr,BackpressureTime,BackpressureTimeStdErr
1,28417.558854162813,758.6777483238168,984.09375,6.867376366145725,995.3125,4.2560130945448815
