Parallelism,Throughput,ThroughputStdErr,BusyTime,BusyTimeStdErr,BackpressureTime,BackpressureTimeStdErr
1,8104.442307691404,1585.8150799935481,912.0769230769231,30.339446615547267,853.6153846153846,52.39684362312208
