Parallelism,Throughput,ThroughputStdErr,BusyTime,BusyTimeStdErr,BackpressureTime,BackpressureTimeStdErr
1,6885.156060605146,1616.7857933165863,953.6363636363636,13.419039592731096,684.4090909090909,127.71906829330534
