Parallelism,Throughput,ThroughputStdErr,BusyTime,BusyTimeStdErr,BackpressureTime,BackpressureTimeStdErr
1,32421.621354162813,1083.5346387927896,924.46875,27.26547669640899,922.578125,28.813416042370985
