Parallelism,Throughput,ThroughputStdErr,BusyTime,BusyTimeStdErr,BackpressureTime,BackpressureTimeStdErr
1,37654.42526881451,872.858099623081,939.516129032258,24.72482778896654,980.6612903225806,11.090662868373746
