Parallelism,Throughput,ThroughputStdErr,BusyTime,BusyTimeStdErr,BackpressureTime,BackpressureTimeStdErr
1,9273.444047616189,1890.7181907000986,952.5,11.343320429545615,797.5357142857143,96.0925688939953
