Parallelism,Throughput,ThroughputStdErr,BusyTime,BusyTimeStdErr,BackpressureTime,BackpressureTimeStdErr
1,25499.740860211616,494.67871972712703,999.4516129032259,0.5394696391126065,1000.0,0.0
2,32314.70913977903,469.30920600584017,951.741935483871,1.4798105328673634,1000.0,0.0
