Parallelism,Throughput,ThroughputStdErr,BusyTime,BusyTimeStdErr,BackpressureTime,BackpressureTimeStdErr
1,40235.76989247,1325.3682479913116,978.6774193548387,10.433515504321951,993.3064516129032,4.326892253817649
