Parallelism,Throughput,ThroughputStdErr,BusyTime,BusyTimeStdErr,BackpressureTime,BackpressureTimeStdErr
1,25290.522916664064,778.3064129390648,928.25,25.989593770872986,954.625,21.830915399668882
