Parallelism,Throughput,ThroughputStdErr,BusyTime,BusyTimeStdErr,BackpressureTime,BackpressureTimeStdErr
1,40144.12096773839,1212.5067933948073,935.3225806451613,25.687645357851455,943.2741935483871,24.036033895950524
