Parallelism,Throughput,ThroughputStdErr,BusyTime,BusyTimeStdErr,BackpressureTime,BackpressureTimeStdErr
1,40576.65591397516,969.4684082254281,939.2903225806451,24.67479191361083,948.1129032258065,23.498718162810995
