Parallelism,Throughput,ThroughputStdErr,BusyTime,BusyTimeStdErr,BackpressureTime,BackpressureTimeStdErr
1,34675.42395833,1089.0441596337946,939.96875,22.72480938687763,909.671875,26.95831570828631
