Parallelism,Throughput,ThroughputStdErr,BusyTime,BusyTimeStdErr,BackpressureTime,BackpressureTimeStdErr
1,28848.434374995937,728.9252419581591,991.75,3.907124902021945,996.890625,3.0604054041569344
