Parallelism,Throughput,ThroughputStdErr,BusyTime,BusyTimeStdErr,BackpressureTime,BackpressureTimeStdErr
1,32256.262903221614,754.4704503375855,939.2903225806451,23.713525847355314,976.0967741935484,13.365244881263054
