Parallelism,Throughput,ThroughputStdErr,BusyTime,BusyTimeStdErr,BackpressureTime,BackpressureTimeStdErr
1,40073.024999997186,1025.141982108745,936.09375,24.995638657659796,957.59375,20.58831298557016
