Parallelism,Throughput,ThroughputStdErr,BusyTime,BusyTimeStdErr,BackpressureTime,BackpressureTimeStdErr
1,31782.732638886246,3758.316393216599,906.8333333333334,29.452684905593042,855.2708333333334,58.80755144465301
