,Parallelism,Throughput
1,52,213313.19056239724
2,104,222299.40249999653
3,156,228200.3525157776
4,208,219090.75194264544
