,Parallelism,Throughput
1,2,38366.72310525676
2,4,66800.59308860337
3,6,90019.46531364255
4,8,110356.78537990074
