,Parallelism,Throughput
1,3,3467.078396718281
2,6,9068.81493617369
3,9,10437.987915881236
4,12,12978.763405017544
