,Parallelism,Throughput
1,8,137598.52097503
2,16,213371.70652014852
3,24,236234.62925581145
4,32,259682.9431652717
