Parallelism,Throughput,ThroughputStdErr,BusyTime,BusyTimeStdErr,BackpressureTime,BackpressureTimeStdErr
1,41471.68709677064,1186.513694742131,930.483870967742,27.235545994043072,955.0,21.152228094976046
