Parallelism,Throughput,ThroughputStdErr,BusyTime,BusyTimeStdErr,BackpressureTime,BackpressureTimeStdErr
1,40168.81344085646,1073.199375694606,939.7096774193549,24.46889310020363,959.1774193548387,19.530473912109247
