Parallelism,Throughput,ThroughputStdErr,BusyTime,BusyTimeStdErr,BackpressureTime,BackpressureTimeStdErr
1,34128.52864583,1122.7671089872115,941.40625,22.45306995361206,924.078125,26.202012586097496
