Parallelism,Throughput,ThroughputStdErr,BusyTime,BusyTimeStdErr,BackpressureTime,BackpressureTimeStdErr
1,8300.759523807143,1623.1434948907738,955.7857142857143,11.578119129012174,785.7142857142857,109.66421051124834
