Parallelism,Throughput,ThroughputStdErr,BusyTime,BusyTimeStdErr,BackpressureTime,BackpressureTimeStdErr
1,33422.34354838355,704.6728644432827,980.1935483870968,9.750948549588903,997.6774193548387,1.5899247665590284
