Parallelism,Throughput,ThroughputStdErr,BusyTime,BusyTimeStdErr,BackpressureTime,BackpressureTimeStdErr
1,32380.512365588067,900.1136149340631,969.7096774193549,13.675760211936113,994.7741935483871,5.140828325661309
