Parallelism,Throughput,ThroughputStdErr,BusyTime,BusyTimeStdErr,BackpressureTime,BackpressureTimeStdErr
1,30379.8537634371,811.2558271598435,946.0645161290323,21.841970285195835,944.258064516129,24.458355855598196
