Parallelism,Throughput,ThroughputStdErr,BusyTime,BusyTimeStdErr,BackpressureTime,BackpressureTimeStdErr
1,41372.797849459035,1052.6480072414925,972.7741935483871,12.566966068438507,982.1935483870968,9.801268723204757
