Parallelism,Throughput,ThroughputStdErr,BusyTime,BusyTimeStdErr,BackpressureTime,BackpressureTimeStdErr
1,26447.101562496562,1532.6966029122857,984.90625,7.636947526944051,994.828125,3.544816953509266
