Parallelism,Throughput,ThroughputStdErr,BusyTime,BusyTimeStdErr,BackpressureTime,BackpressureTimeStdErr
1,39261.63385416344,1019.2257513868793,921.71875,29.504046146480853,952.421875,21.52001146025512
