Parallelism,Throughput,ThroughputStdErr,BusyTime,BusyTimeStdErr,BackpressureTime,BackpressureTimeStdErr
1,45932.348387092905,1625.5916713548006,927.9677419354839,27.801267530786284,949.3387096774194,21.661337005411397
