Parallelism,Mean,StdErr,Predictions
0,0.0,0.0,
1,13236.244569285242,473.274392831832,
2,26639.979814808623,770.4075966833071,31758.0
3,37158.29943819336,1282.4858983544893,46908.0
4,44790.78576777771,1525.358008558895,52924.0
5,55328.07518937946,1853.141648923895,61666.0
6,59634.07546814736,2002.0937086214863,73902.0
7,66259.6565542862,2124.8432427072744,79290.0
8,61285.82209300188,1841.597167338844,85701.0
