Parallelism,Throughput,ThroughputStdErr,BusyTime,BusyTimeStdErr,BackpressureTime,BackpressureTimeStdErr
1,31209.84569892,583.2222266341611,978.516129032258,10.303497579357664,991.8870967741935,7.612619926297234
