Parallelism,Throughput_min,Throughput_max,Throughput_mean
1,2458.065740740365,59265.28010752355,32008.876571743887
