Parallelism,Throughput,ThroughputStdErr,BusyTime,BusyTimeStdErr,BackpressureTime,BackpressureTimeStdErr
1,34051.28709677129,943.2763739608852,937.3225806451613,25.286552841854096,977.7096774193549,12.268348279518698
