Parallelism,Throughput,ThroughputStdErr,BusyTime,BusyTimeStdErr,BackpressureTime,BackpressureTimeStdErr
1,47586.474731179034,1640.6893198715493,937.516129032258,25.09892481737049,958.8064516129032,18.4598261302562
