Parallelism,Throughput,ThroughputStdErr,BusyTime,BusyTimeStdErr,BackpressureTime,BackpressureTimeStdErr
1,31946.614516125486,640.6515591346606,979.3225806451613,10.20899066097463,996.2741935483871,2.5502074663800083
