Parallelism,Throughput,ThroughputStdErr,BusyTime,BusyTimeStdErr,BackpressureTime,BackpressureTimeStdErr
1,41017.27258064226,1100.0968145456475,940.258064516129,24.38884478041285,958.5967741935484,19.397512356394085
