Parallelism,Throughput,ThroughputStdErr,BusyTime,BusyTimeStdErr,BackpressureTime,BackpressureTimeStdErr
1,43863.97760416344,1597.0541491207675,893.875,36.79659965395919,908.953125,34.283239454685784
