Parallelism,Throughput,ThroughputStdErr,BusyTime,BusyTimeStdErr,BackpressureTime,BackpressureTimeStdErr
1,42389.60806451258,1433.5808567526776,983.483870967742,8.250232042615961,986.1129032258065,7.9462197793149105
