Parallelism,Throughput,ThroughputStdErr,BusyTime,BusyTimeStdErr,BackpressureTime,BackpressureTimeStdErr
1,40259.33602150258,1148.0534160587729,937.6451612903226,24.825155429860786,941.5967741935484,26.073721020677503
