Parallelism,Throughput,ThroughputStdErr,BusyTime,BusyTimeStdErr,BackpressureTime,BackpressureTimeStdErr
1,32583.150537631613,429.4577191466805,981.2258064516129,9.326956186859181,997.758064516129,1.5343569610572427
