Parallelism,Throughput,ThroughputStdErr,BusyTime,BusyTimeStdErr,BackpressureTime,BackpressureTimeStdErr
1,34390.552380949404,3137.4037989501644,914.8928571428571,26.742314330081133,904.625,40.24413400815486
