Parallelism,Throughput,ThroughputStdErr,BusyTime,BusyTimeStdErr,BackpressureTime,BackpressureTimeStdErr
1,10914.633333331156,1443.9830343868907,867.8695652173913,31.559905191267013,793.2391304347826,61.801903708919205
