Parallelism,Throughput,ThroughputStdErr,BusyTime,BusyTimeStdErr,BackpressureTime,BackpressureTimeStdErr
1,38440.308333330315,967.6150285487503,942.1875,23.652779529945047,962.625,18.684403485092854
