Parallelism,Throughput,ThroughputStdErr,BusyTime,BusyTimeStdErr,BackpressureTime,BackpressureTimeStdErr
1,40625.55107526549,1077.8177784832928,938.2258064516129,23.9848942089214,943.1935483870968,25.62823216253863
