Parallelism,Throughput,ThroughputStdErr,BusyTime,BusyTimeStdErr,BackpressureTime,BackpressureTimeStdErr
1,31314.645402295864,2241.2403181725026,915.3103448275862,27.62867866073424,899.4137931034483,40.79912268651143
