Parallelism,Throughput,ThroughputStdErr,BusyTime,BusyTimeStdErr,BackpressureTime,BackpressureTimeStdErr
1,26376.601075265808,825.1118149116149,993.6129032258065,2.7612893500732536,998.0322580645161,1.0826739463117951
