Parallelism,Throughput,ThroughputStdErr,BusyTime,BusyTimeStdErr,BackpressureTime,BackpressureTimeStdErr
1,30903.789784942903,1553.2251146938977,934.5483870967741,25.921832336767373,970.6129032258065,15.223050421652571
