Parallelism,Throughput,ThroughputStdErr,BusyTime,BusyTimeStdErr,BackpressureTime,BackpressureTimeStdErr
1,35109.999462361935,602.0185709758534,982.9032258064516,8.610589859518587,998.7903225806451,1.1900065568660438
