Parallelism,Throughput,ThroughputStdErr,BusyTime,BusyTimeStdErr,BackpressureTime,BackpressureTimeStdErr
1,42490.791935480964,1214.351782676483,932.3870967741935,26.601020902355696,934.483870967742,26.19099069698146
