Parallelism,Throughput,ThroughputStdErr,BusyTime,BusyTimeStdErr,BackpressureTime,BackpressureTimeStdErr
1,41579.03763440549,906.6304650992536,955.516129032258,20.208891984209124,972.5483870967741,14.50304705934488
