Parallelism,Throughput,ThroughputStdErr,BusyTime,BusyTimeStdErr,BackpressureTime,BackpressureTimeStdErr
1,32099.51979166375,921.045760877684,932.9375,25.580103103871323,966.453125,18.619904915703092
