Parallelism,Throughput,ThroughputStdErr,BusyTime,BusyTimeStdErr,BackpressureTime,BackpressureTimeStdErr
1,28517.197395830313,724.793868999717,928.90625,25.740568637450433,938.515625,26.55743963172053
