Parallelism,Throughput,ThroughputStdErr,BusyTime,BusyTimeStdErr,BackpressureTime,BackpressureTimeStdErr
1,39662.11344085645,897.6130186095701,928.2258064516129,27.911138526674097,956.758064516129,20.654104300039506
