Parallelism,Throughput,ThroughputStdErr,BusyTime,BusyTimeStdErr,BackpressureTime,BackpressureTimeStdErr
1,30305.643749998126,2387.801639691498,755.09375,62.415448423481635,801.390625,60.941120623108766
