Parallelism,Throughput,ThroughputStdErr,BusyTime,BusyTimeStdErr,BackpressureTime,BackpressureTimeStdErr
1,9190.768888888,1899.267357125717,959.2857142857143,11.361153187474903,597.4333333333333,112.05276402626542
