Parallelism,Throughput,ThroughputStdErr,BusyTime,BusyTimeStdErr,BackpressureTime,BackpressureTimeStdErr
1,30862.784374995936,566.8452431060995,983.28125,8.445740695088375,999.0625,0.922735297735759
