Parallelism,Throughput,ThroughputStdErr,BusyTime,BusyTimeStdErr,BackpressureTime,BackpressureTimeStdErr
1,39595.79946236194,873.8466479646012,934.0322580645161,26.18367380496884,967.983870967742,16.43733542185396
