Parallelism,Throughput,ThroughputStdErr,BusyTime,BusyTimeStdErr,BackpressureTime,BackpressureTimeStdErr
1,33040.396236554196,830.6862821314713,926.0645161290323,28.34931266507987,961.1612903225806,20.15864998319689
