Parallelism,Throughput,ThroughputStdErr,BusyTime,BusyTimeStdErr,BackpressureTime,BackpressureTimeStdErr
1,36888.70645160903,750.0690078985843,972.3548387096774,12.76388867404633,985.3225806451613,10.048491906124985
