Parallelism,Throughput,ThroughputStdErr,BusyTime,BusyTimeStdErr,BackpressureTime,BackpressureTimeStdErr
1,38644.18385416312,907.9486593910178,934.625,25.682433730932708,953.28125,21.386029883312183
