Parallelism,Throughput,ThroughputStdErr,BusyTime,BusyTimeStdErr,BackpressureTime,BackpressureTimeStdErr
1,25737.043548382906,725.7950179627921,993.483870967742,2.9788959284669048,995.7096774193549,2.3612125619080064
