Parallelism,Throughput,ThroughputStdErr,BusyTime,BusyTimeStdErr,BackpressureTime,BackpressureTimeStdErr
1,34312.51290322388,1005.5374602026404,970.3225806451613,13.48428669653721,991.4354838709677,8.42524642261159
