Parallelism,Throughput,ThroughputStdErr,BusyTime,BusyTimeStdErr,BackpressureTime,BackpressureTimeStdErr
1,34048.298958329375,1085.0504020427609,980.71875,9.545351696698862,997.046875,2.023345120357429
